feature,importance_gain,importance_split
AMT_PAY_YEAR,10198.3014129137,483.4
EXT_SOURCE_1,18511.72281931142,399.8666666666667
EXT_SOURCE_3,45099.49622008726,386.9333333333333
EXT_SOURCE_2,59317.05760831157,364.6666666666667
DAYS_BIRTH,4044.533805167923,269.06666666666666
prev_score_mean,27962.22839104682,209.6
AGE_EMPLOYED,2359.1136433115853,206.73333333333335
DAYS_EMPLOYED,7215.536453794812,202.13333333333335
DAYS_ID_PUBLISH,1775.6872381736837,188.33333333333334
REGION_POPULATION_RELATIVE,1388.109809378162,171.86666666666665
prev_active_sum_AMT_LEFT,1651.7365097800891,170.6
AGE_PAYOFF,3112.452181551916,170.4
NEW_EMPLOY_TO_BIRTH_RATIO,3301.858873057924,170.26666666666668
AMT_ANNUITY,2746.9724704560513,167.0
month_score_sum,10141.947015399795,162.13333333333335
inst_DAYS_LAST_LATE,1228.2299724603693,161.13333333333335
AMT_DIFF_CREDIT_GOODS,4801.933388991654,159.33333333333331
buro_score_recent2y_sum,5343.961457629315,158.73333333333335
house_score_y,3804.4056528136134,156.93333333333334
buro_score_sum,14804.478035012382,150.13333333333335
prev_max_DAYS_LAST_DUE,1782.8106027071676,143.06666666666666
bureau_active_avg_AMT_DEBT_RATIO,2192.873066172997,141.86666666666665
pos_score,2520.4159434954327,141.8
inst_sum_DBD_SCALE,1919.478978904026,141.0
DAYS_REGISTRATION,998.2455445049951,140.33333333333334
month_score_mean,11125.156137069065,138.93333333333334
bureau_sum_AMT_CREDIT_SUM,1249.0773139032224,134.73333333333332
AMT_ANNUITY_to_prev_approved,2728.291366411497,134.33333333333334
buro_score_mean,12362.698205088265,133.73333333333332
bureau_recent_DAYS_CREDIT_ENDDATE,1049.274772090527,130.4
inst_mean_DPD_SCALE,4257.470806882779,130.4
prev_max_DAYS_LAST_DUE_1ST_VERSION,2271.741982873529,130.2
bureau_recent_AMT_CREDIT_SUM,838.8317338235677,128.8
Total_AMT_ANNUITY,1362.0555053180706,128.2
AMT_ANNUITY_INCOME_RATE,1453.2646168554825,128.2
inst_score,1157.8648773401976,128.0
inst_var_DBD,758.9906166413177,126.6
ORGANIZATION_TYPE,1046.1788751453162,125.8
OWN_CAR_AGE,2741.3722973763943,124.86666666666667
bureau_recent_AMT_DEBT_RATIO,2006.8676381448906,121.8
bureau_avg_DAYS_ENDDATE_FACT,795.5184509969006,119.2
prev_active_sum_AMT_PAY_YEAR_LEFT,1478.6250530838965,117.73333333333332
inst_sum_AMT_PAYMENT_SCALE,1834.2975698866571,117.2
AMT_CREDIT_GOODS_PERC,5251.7652927468225,116.73333333333332
bureau_active_avg_AMT_CREDIT_LEFT,972.8876595097285,116.4
DAYS_LAST_PHONE_CHANGE,1334.8539034686983,115.66666666666667
Total_CREDIT,1742.8979333462812,112.4
bureau_active_sum_AMT_CREDIT_LEFT,1309.7625863090157,111.93333333333332
bureau_avg_DAYS_END_DIFF,850.8805830165744,110.6
REGION_income_median_rel,626.8804974018285,109.26666666666668
buro_score_max,5979.772826850165,107.0
prev_score_max,6517.943188312153,103.8
house_score_x,1747.8019724463422,103.26666666666668
prev_score_var,633.3301491043842,100.66666666666667
CODE_GENDER,5647.414329960942,100.26666666666668
buro_score_var,2067.934938283513,98.86666666666667
inst_sum_DPD_SCALE,1142.8595166380205,98.46666666666667
bureau_min_DAYS_CREDIT_ENDDATE,805.3699989352374,97.86666666666667
month_score_max,4104.062250965833,96.73333333333332
bureau_active_AMT_DEBT_TOTAL_RATIO,938.5210623015959,96.06666666666668
bureau_active_sum_DAYS_CREDIT_UPDATE,690.7924087303379,95.46666666666667
bureau_active_avg_AMT_CREDIT_SUM,638.0542263060809,94.53333333333333
bureau_AMT_DEBT_TOTAL_RATIO,1198.3484956250218,94.53333333333333
bureau_min_DAYS_CREDIT,700.5139887628455,94.4
OCCUPATION_TYPE_income_median_rel,535.594910857578,94.13333333333334
prev_max_DAYS_TERMINATION,850.411715551714,93.53333333333333
bureau_recent_AMT_CREDIT_SUM_DEBT,720.3704143323005,92.73333333333333
prev_avg_DAYS_TOTAL,547.0266809472814,92.73333333333333
bubl_score,736.72906943957,92.26666666666667
prev_avg_AMT_CREDIT,527.7764417477572,91.86666666666666
prev_score_last,1471.1410625457763,90.86666666666666
bureau_active_sum_AMT_CREDIT_SUM,682.9376311535636,90.2
NAME_EDUCATION_TYPE,4586.385716311137,88.73333333333332
NAME_FAMILY_STATUS,845.2444433728855,87.6
Total_CREDIT_INCOME_RATIO,801.558915741307,85.86666666666666
buro_score_last,1735.5615681439638,85.6
bureau_active_avg_DAYS_LEFT_RATIO,482.0088511865586,84.93333333333334
month_score_std,1850.0065044573198,84.8
AMT_PAY_YEAR_to_prev_approved,485.1616988236706,84.66666666666667
AMT_CREDIT_to_prev_approved,661.1700944216301,84.0
prev_sum_SELLERPLACE_AREA,494.584161524723,83.2
bureau_active_avg_DAYS_CREDIT_ENDDATE,554.4029408018415,83.13333333333334
GENDER_FAMILY_STATUS,1163.6110576401156,82.8
prev_avg_DAYS_LAST_DUE_1ST_VERSION,908.2646463510891,82.53333333333333
NEW_INC_BY_ORG,929.728948889176,81.93333333333332
AMT_CREDIT,849.9381341657293,79.73333333333332
Total_ANNUITY_INCOME_RATIO,541.3681744894634,79.0
prev_approved_AMT_APPLICATION_MEAN,478.77816533048946,78.33333333333333
bureau_active_avg_DAYS_CREDIT,506.32762269365287,77.6
NEW_LIVE_IND_SUM,481.3566424074273,77.53333333333333
prev_avg_AMT_CREDIT_GOODS_PERC,1033.08455491215,77.2
inst_mean_DBD,453.17705253064634,75.33333333333333
bureau_avg_DAYS_CREDIT_ENDDATE,455.7606343618284,74.93333333333334
prev_score_recent2y_sum,420.27077570358904,74.93333333333334
YEARS_BEGINEXPLUATATION_MODE,535.1073541531961,74.8
prev_avg_AMT_APPLICATION,446.6741945900644,74.66666666666666
inst_length,840.0969849847257,74.6
pos_NAME_CONTRACT_STATUS_CNT_Active,886.375106922537,74.33333333333334
bureau_active_sum_DAYS_CREDIT,489.06023088482516,73.93333333333334
bureau_active_avg_DAYS_CREDIT_UPDATE,438.19957825789845,73.46666666666667
prev_avg_DAYS_TOTAL2,790.7855493299663,73.4
prev_avg_DAYS_LAST_DUE,521.7841529553135,73.33333333333333
AMT_CREDIT_GOODS_PERC_to_prev_approved,433.7832388850549,72.86666666666666
inst_max_DBD,369.17210481762885,72.8
prev_approved_AMT_CREDIT_SUM,605.2842012657474,72.46666666666667
OCCUPATION_TYPE,589.3213153426846,72.0
prev_max_DAYS_FIRST_DUE,534.5989129334688,71.6
NEW_CREDIT_TO_INCOME_RATIO,528.3220877362415,71.33333333333334
bureau_avg_DAYS_CREDIT_UPDATE,441.04563536336644,71.26666666666668
prev_max_DAYS_DECISION,493.78070456273855,71.26666666666667
bureau_max_DAYS_CREDIT,499.77654769072933,70.6
pos_MONTH_CNT,994.8169423957664,70.4
bureau_active_sum_AMT_DEBT_RATIO,726.9540875981872,70.33333333333333
inst_mean_DBD_SCALE,410.74563340644045,70.06666666666666
prev_avg_RATE_DOWN_PAYMENT,484.56559409312905,70.06666666666666
pos_MONTH_MAX,507.6989541135728,70.0
prev_approved_AMT_CREDIT_MEAN,411.01666418972115,69.73333333333332
prev_recent_AMT_ANNUITY,394.6145247033487,69.6
prev_avg_DAYS_END_DIFF,733.1980058327317,68.93333333333334
bureau_max_DAYS_CREDIT_ENDDATE,567.6350706872842,68.8
bureau_avg_DAYS_CREDIT,501.4352199082574,68.53333333333333
bureau_active_avg_AMT_CREDIT_SUM_DEBT,469.8118955274423,68.26666666666667
prev_avg_DAYS_TERMINATION,447.05914738848804,68.06666666666668
AMT_DIFF_CREDIT_GOODS_to_prev_approved,390.1943359081323,67.73333333333332
inst_sum_AMT_PAYMENT_DIFF_SCALE,642.7772204051414,66.93333333333334
inst_mean_AMT_PAYMENT,400.0318848011394,66.6
cc_mean4_AMT_PAY_INST_DIFF,743.7741883476575,66.4
prev_max_AMT_APPLICATION,411.06981944938497,66.0
bureau_sum_DAYS_CREDIT_ENDDATE,420.186817335089,65.8
TOTALAREA_MODE,506.97812791069344,65.0
prev_refused_DAYS_DECISION_MAX,501.95265428349376,64.86666666666667
bureau_recent_DAYS_CREDIT_UPDATE,462.1305384606744,64.66666666666666
APARTMENTS_MODE,491.31058698088555,63.33333333333333
prev_avg_DAYS_FIRST_DUE,497.285383459429,63.2
prev_approved_AMT_APPLICATION_MAX,464.86723404241104,62.93333333333332
prev_sum_DAYS_DECISION,461.48567406199874,62.73333333333333
REGION,338.2946664808939,61.8
prev_approved_AMT_ANNUITY_MEAN,352.46417699319625,61.666666666666664
prev_max_AMT_CREDIT_GOODS_PERC,500.7217757508159,61.26666666666667
prev_avg_AMT_ANNUITY,397.35811322728796,61.266666666666666
FLAG_WORK_PHONE,603.0743010123572,60.6
prev_approved_AMT_DIFF_CREAPP_MAX,822.9146100995442,60.46666666666666
bureau_sum_DAYS_END_DIFF,361.9004083981116,60.2
LIVINGAREA_MEDI,465.8187396307786,60.06666666666666
prev_active_sum_AMT_PAID,500.95020159532623,60.0
prev_approved_AMT_CREDIT_GOODS_PERC_MAX,387.816385007898,59.133333333333326
prev_avg_DAYS_DECISION,456.97952611545725,59.0
prev_max_AMT_CREDIT,343.40386571884153,59.0
prev_avg_AMT_DOWN_PAYMENT,375.444517416507,57.733333333333334
prev_max_DAYS_TOTAL,346.568705624342,57.733333333333334
prev_max_AMT_ANNUITY,327.344350849092,57.2
bureau_active_sum_DAYS_CREDIT_ENDDATE,368.1154391448944,57.0
prev_avg_AMT_PAY_YEAR,367.9916113637388,56.6
bureau_sum_DAYS_CREDIT,408.27973156422377,56.6
bureau_sum_AMT_DEBT_RATIO,801.279594198242,56.13333333333334
prev_approved_AMT_DIFF_CREDIT_GOODS_MEAN,324.6724657893181,55.6
bureau_sum_DAYS_CREDIT_UPDATE,313.44557825277246,55.4
prev_approved_AMT_ANNUITY_MAX,369.4797798726087,55.4
prev_max_AMT_PAY_YEAR,326.2769981180628,54.733333333333334
prev_approved_DAYS_DECISION_MAX,394.9374547393371,54.53333333333334
prev_approved_AMT_PAY_YEAR_MEAN,311.88062456746894,54.333333333333336
bureau_AMT_MAX_OVERDUE_TOTAL_RATIO,492.37839995821315,54.2
prev_recent_SELLERPLACE_AREA,338.32765586773553,53.666666666666664
prev_recent_DAYS_DECISION,363.4489042672018,53.266666666666666
bureau_sum_DAYS_ENDDATE_FACT,338.4835930658504,52.93333333333334
prev_sum_AMT_ANNUITY,552.5464946587881,52.666666666666664
LANDAREA_MEDI,312.3478749811649,52.266666666666666
bureau_active_sum_AMT_CREDIT_SUM_DEBT,347.6614859645565,52.266666666666666
prev_recent_AMT_PAY_YEAR,298.08743737588327,52.13333333333334
prev_approved_AMT_PAY_YEAR_MAX,334.0194976518552,52.0
prev_approved_RATE_DOWN_PAYMENT_MAX,405.70595193952323,51.866666666666674
prev_approved_DAYS_DECISION_MEAN,385.87284106202424,51.733333333333334
prev_min_DAYS_DECISION,373.54075755973656,51.73333333333333
prev_approved_CNT_PAYMENT_MEAN,461.09410323475794,51.666666666666664
inst_mean_AMT_PAYMENT_SCALE,322.67422250888,51.6
bureau_recent_DAYS_ENDDATE_FACT,558.4490208700299,51.4
prev_approved_AMT_CREDIT_GOODS_PERC_MEAN,433.5431597525875,51.4
prev_approved_DAYS_DECISION_MIN,347.4769542721411,50.2
prev_approved_APP_CREDIT_PERC_MAX,417.1515363593896,49.2
prev_max_DAYS_END_DIFF,466.9190186315526,49.13333333333333
prev_recent_APP_CREDIT_PERC,279.6618248949448,48.8
AMT_PAY_YEAR_to_prev_refused,287.22783519029616,48.733333333333334
DEF_30_CNT_SOCIAL_CIRCLE,887.3590750614803,48.666666666666664
prev_approved_AMT_DOWN_PAYMENT_MAX,451.67970607082043,48.53333333333334
bureau_sum_AMT_CREDIT_SUM_DEBT,317.34218745579324,48.266666666666666
prev_refused_CNT_PAYMENT_MEAN,403.7988511264324,48.13333333333334
prev_sum_AMT_CREDIT,266.1105528935169,48.06666666666667
inst_mean_DPD,366.711609203741,47.8
prev_sum_AMT_APPLICATION,281.7312438116719,47.733333333333334
BASEMENTAREA_MEDI,300.63605021114154,47.46666666666667
prev_max_AMT_DIFF_CREAPP,497.93480896850434,46.06666666666666
bureau_recent_DAYS_CREDIT,333.6263972471158,45.93333333333334
prev_approved_RATE_DOWN_PAYMENT_MEAN,270.1642353398105,45.53333333333333
prev_avg_AMT_DIFF_CREAPP,311.06507738040136,45.06666666666667
prev_approved_AMT_DIFF_CREDIT_GOODS_MAX,286.1405147353808,44.93333333333334
pos_recent_CNT_INSTALMENT_FUTURE,522.3724606772264,44.93333333333333
inst_var_DPD,350.1069638321797,44.66666666666667
prev_recent_DAYS_FIRST_DUE,273.52745326111716,44.4
inst_max_DPD,303.2706202919284,44.33333333333333
bureau_sum_AMT_CREDIT_MAX_OVERDUE,360.3898531059424,44.266666666666666
NEW_INC_PER_CHLD,262.6172784527143,44.13333333333334
prev_sum_NAME_YIELD_GROUP_high,448.5520367950201,43.66666666666667
prev_sum_DAYS_TERMINATION,310.87605995933217,43.46666666666666
prev_approved_AMT_DOWN_PAYMENT_MEAN,283.8737794638301,43.13333333333333
NEW_DOC_IND_KURT,1375.6875280777613,42.8
prev_sum_AMT_DIFF_CREDIT_GOODS,308.9581814693908,42.66666666666667
pos_recent_MONTHS_BALANCE,555.7069165080786,42.66666666666667
prev_refused_DAYS_DECISION_MEAN,262.6004777068893,42.666666666666664
prev_score_sum,246.341201445212,42.4
FLAG_OWN_REALTY_income_median_rel,275.8017763699094,42.06666666666667
inst_DAYS_LAST_UNDERPAID,282.1568047516048,41.66666666666667
prev_max_AMT_DOWN_PAYMENT,287.80752313286064,41.66666666666667
prev_avg_AMT_DIFF_CREDIT_GOODS,295.23502064775676,41.6
prev_approved_APP_CREDIT_PERC_MEAN,249.59965101877847,41.53333333333333
prev_sum_AMT_PAY_YEAR,272.55220087456206,41.33333333333333
Total_active_acc,358.33133719563483,41.2
prev_active_sum_AMT_ANNUITY,337.38866801640637,41.13333333333334
NAME_INCOME_TYPE,1031.5896028876305,41.0
AMT_ANNUITY_to_prev_refused,307.5148097236951,41.0
prev_sum_AMT_DIFF_CREAPP,264.7518000824998,40.733333333333334
OBS_60_CNT_SOCIAL_CIRCLE,236.8240381519,40.4
GENDER_FAMILY_STATUS_income_median_rel,234.80070793516933,40.333333333333336
prev_recent_NAME_TYPE_SUITE,200.02713605165482,40.13333333333333
prev_recent_AMT_CREDIT_GOODS_PERC,228.61838061343877,40.13333333333333
bureau_min_MONTH_LAST_C,327.4318237543106,40.06666666666667
prev_refused_DAYS_DECISION_MIN,263.8435015092294,40.06666666666667
prev_max_DAYS_FIRST_DRAWING,289.4881536861261,40.0
AMT_CREDIT_GOODS_PERC_to_prev_refused,225.8818652351697,39.93333333333334
prev_max_AMT_DIFF_CREDIT_GOODS,314.7043121521672,39.93333333333333
cc_max_AMT_BALANCE_CREDIT_RATIO,678.6138265689214,39.86666666666667
bureau_sum_AMT_MAX_OVERDUE_RATIO,257.15215448041755,39.86666666666666
bureau_recent_AMT_CREDIT_MAX_OVERDUE,309.8490831613541,39.733333333333334
prev_recent_AMT_DIFF_CREDIT_GOODS,217.39542954415083,39.333333333333336
NONLIVINGAREA_MEDI,222.40323879445592,39.06666666666667
prev_avg_DAYS_FIRST_DRAWING,254.72893312474088,39.0
YEARS_BUILD_MODE,287.0129176129897,38.733333333333334
FLAG_OWN_CAR_income_median_rel,248.92776121124626,38.666666666666664
prev_recent_AMT_CREDIT,216.8071514745553,38.33333333333333
CODE_GENDER_income_median_rel,258.88103828827536,37.93333333333334
bureau_active_count,374.7912408043941,36.86666666666666
COMMONAREA_MEDI,212.9912128905455,36.53333333333333
prev_approved_AMT_DIFF_CREAPP_MEAN,206.37415482581906,36.2
prev_sum_DAYS_END_DIFF,268.5671982947737,35.93333333333334
prev_active_sum_AMT_LEFT3,184.9414779971043,35.86666666666666
prev_recent_DAYS_LAST_DUE_1ST_VERSION,222.3856796296934,35.8
AMT_DIFF_CREDIT_GOODS_to_prev_refused,210.39195612917342,35.733333333333334
Total_AMT_LEFT,195.77547974636155,35.6
prev_sum_RATE_DOWN_PAYMENT,290.6741773277521,35.33333333333333
prev_sum_AMT_DOWN_PAYMENT,337.1390807792544,35.13333333333333
pos_MONTH_LAST_DPD,210.9323592444261,35.0
prev_recent_PRODUCT_COMBINATION,217.92578811844191,34.6
prev_refused_CNT_PAYMENT_SUM,304.5980176130931,34.4
prev_refused_AMT_DIFF_CREAPP_MAX,268.8455060631037,34.2
pos_recent_CNT_INSTALMENT,211.4678848952055,33.93333333333334
bureau_active_sum_AMT_CREDIT_MAX_OVERDUE,241.80045134623848,33.8
prev_recent_NAME_SELLER_INDUSTRY,348.92497404416406,33.53333333333334
prev_recent_NAME_YIELD_GROUP,349.10572210947674,33.53333333333333
bureau_active_avg_AMT_CREDIT_SUM_LIMIT,222.4171201646328,33.4
bureau_sum_CREDIT_ACTIVE_Closed,297.0699947396914,33.266666666666666
FLAG_DOCUMENT_3,816.3907427151997,33.266666666666666
prev_sum_CNT_PAYMENT,234.7068888410926,32.93333333333334
pos_sum_SK_DPD_SCALE,217.61976980119942,32.8
prev_active_sum_AMT_CREDIT_GOODS_PERC,181.44598138804236,32.666666666666664
inst_mean_AMT_PAYMENT_DIFF_SCALE,273.58722897867364,32.46666666666667
LIVINGAPARTMENTS_MODE,211.11594039102397,32.13333333333333
prev_refused_AMT_PAY_YEAR_MAX,210.57749517982205,32.06666666666666
DEF_60_CNT_SOCIAL_CIRCLE,500.67803374926245,31.93333333333333
prev_recent_AMT_APPLICATION,184.43459464038412,31.666666666666664
prev_sum_CNT_PAYMENT_DIFF,299.05980969419085,31.666666666666664
AMT_CREDIT_to_prev_refused,198.53424929976464,31.6
prev_DEFALUTED_RATIO,477.874355747054,31.46666666666667
prev_active_sum_AMT_PAY_YEAR,195.74062843223413,31.4
prev_refused_AMT_CREDIT_SUM,201.56039216816424,31.266666666666662
pos_mean_SK_DPD_SCALE,274.18322018583615,31.133333333333333
cc_var_CNT_DRAWINGS_CURRENT,278.67178020874655,30.93333333333333
inst_mean_AMT_PAYMENT_DIFF,287.81795463661354,30.8
bureau_active_avg_AMT_LIMIT_RATIO,222.68689759771033,30.73333333333333
AMT_REQ_CREDIT_BUREAU_QRT,282.6530925512314,30.666666666666668
NAME_FAMILY_STATUS_income_median_rel,184.8644718810916,30.666666666666668
prev_approved_CNT_PAYMENT_SUM,198.0449752966563,30.46666666666667
CNT_CHILDREN_CLIPPED_income_median_rel,177.46886477371055,30.26666666666667
bureau_active_avg_AMT_CREDIT_MAX_OVERDUE,196.09642198383807,30.0
bureau_active_avg_AMT_ANNUITY,203.77823881308237,30.0
bureau_max_MONTH_LAST_C,228.51077611744404,30.0
bureau_count,196.05132688333592,29.93333333333333
REG_CITY_NOT_LIVE_CITY,367.01256915728254,29.666666666666668
inst_mean_AMT_PAYMENT_PERC,337.7828918680549,29.26666666666667
cc_mean4_AMT_DRAWINGS_ATM_CURRENT,313.8999843299389,29.0
prev_closest_annuity_defaulted,620.4976069430511,28.666666666666664
cc_mean4_CNT_DRAWINGS_CURRENT,241.97240107655526,28.46666666666667
inst_max_AMT_PAYMENT_DIFF,273.5296207050482,28.46666666666666
prev_active_sum_AMT_DIFF_CREAPP,218.4781031211217,28.2
prev_active_sum_AMT_DIFF_CREDIT_GOODS,218.93947133620583,28.066666666666663
bureau_sum_CREDIT_CURRENCY_currency_1,189.61655046443144,28.0
inst_N_NUM_INSTALMENT_VERSION,185.1235937356949,27.866666666666667
prev_refused_AMT_ANNUITY_MAX,172.3671874495844,27.733333333333338
bureau_recent_AMT_ANNUITY,148.99704342087108,27.6
bureau_recent_CREDIT_TYPE,178.15518181125324,27.2
prev_refused_AMT_PAY_YEAR_MEAN,159.4755906691154,27.06666666666667
inst_var_AMT_PAYMENT_PERC,199.76730640530587,26.866666666666664
prev_refused_AMT_CREDIT_MEAN,157.63260477781296,26.733333333333338
prev_sum_NAME_YIELD_GROUP_low_action,360.6918935398261,26.73333333333333
prev_recent_DAYS_LAST_DUE,165.7515789439281,26.73333333333333
pos_mean_SK_DPD_DEF_SCALE,311.9065766175588,26.53333333333333
prev_PRODUCT_COMBINATION_mode,152.01115195316572,25.8
bureau_sum_STATUS_12CNT_C,138.6748854160309,25.4
bureau_recent_AMT_MAX_OVERDUE_RATIO,202.75890355904897,25.26666666666667
bureau_active_avg_AMT_MAX_OVERDUE_RATIO,166.3344269995888,25.2
inst_var_AMT_PAYMENT_DIFF,154.65164150098957,25.133333333333333
bureau_active_avg_AMT_CREDIT_LEFT_OVER_ANNUITY,177.35621287425357,25.06666666666667
cc_max_CNT_DRAWINGS_CURRENT,220.6956387201945,24.733333333333334
DOCUMENT_CNT,323.1182281653086,24.73333333333333
prev_sum_CHANNEL_TYPE_Credit_and_cash_offices,130.7071621030569,24.6
prev_refused_AMT_ANNUITY_MEAN,140.94608191450436,24.466666666666665
prev_refused_AMT_DIFF_CREDIT_GOODS_MEAN,115.99196838885545,23.733333333333334
prev_refused_AMT_APPLICATION_MEAN,134.1375223537286,23.2
prev_refused_APP_CREDIT_PERC_MEAN,137.71889592284955,23.133333333333333
prev_active_sum_AMT_APPLICATION,144.19301925500233,23.133333333333333
cc_mean12_CNT_DRAWINGS_ATM_CURRENT,582.5290927601357,23.06666666666667
prev_sum_NAME_TYPE_SUITE_Unaccompanied,140.9631326392293,22.866666666666667
cc_scale_mean_scale_sum_CNT_DRAWINGS_ATM_CURRENT,577.5005914757648,22.73333333333333
prev_recent_DAYS_TERMINATION,136.7855555827419,22.533333333333335
prev_refused_AMT_CREDIT_GOODS_PERC_MEAN,129.92227015296618,22.466666666666665
prev_recent_AMT_DIFF_CREAPP,129.358938417087,22.466666666666665
cc_max_AMT_DRAWING_BALANCE_RATIO,149.65218614041805,22.26666666666667
prev_refused_AMT_APPLICATION_MAX,139.905034160614,22.266666666666666
bureau_sum_MONTH_LAST_C,177.08102324406306,21.866666666666667
Total_AMT_LEFT_INCOME_RATIO,127.99505879084268,21.533333333333335
cc_mean4_AMT_BALANCE_CREDIT_RATIO,352.29161334335805,21.4
bureau_recent_DAYS_END_DIFF,191.50985704859096,21.4
prev_refused_AMT_CREDIT_GOODS_PERC_MAX,160.97578688263894,20.933333333333334
bureau_active_AMT_LIMIT_TOTAL_RATIO,158.21543835798897,20.8
bureau_sum_STATUS_TCNT_X,130.5252357860406,20.8
cc_var_AMT_BALANCE_CREDIT_RATIO,136.86184100310007,20.666666666666668
prev_sum_CHANNEL_TYPE_Contact_center,133.34375784397125,20.666666666666664
prev_NAME_GOODS_CATEGORY_mode,123.71906655691564,20.666666666666664
bureau_active_AMT_MAX_OVERDUE_TOTAL_RATIO,157.27836585752664,20.6
prev_recent_RATE_DOWN_PAYMENT,123.02018732031186,20.6
bureau_sum_STATUS_TCNT_C,177.0277423833807,20.533333333333335
cc_mean_AMT_CREDIT_LIMIT_ACTUAL,121.44065827131271,20.4
cc_mean4_AMT_PAY_USE_RATIO,122.7729072868824,20.2
Total_acc,182.25390446980794,20.133333333333333
prev_refused_AMT_DIFF_CREDIT_GOODS_MAX,129.3791776482016,20.0
prev_active_sum_AMT_LEFT2,118.510397340854,20.0
cc_scale_sum_AMT_CREDIT_LIMIT_ACTUAL,122.38973133812347,19.93333333333333
FLOORSMAX_MODE,214.65524282455445,19.93333333333333
cc_var_AMT_PAY_USE_RATIO,100.55398199359576,19.6
prev_refused_AMT_DIFF_CREAPP_MEAN,124.8191909511884,19.533333333333335
prev_sum_CHANNEL_TYPE_Country_wide,95.54274071690936,19.333333333333336
NAME_HOUSING_TYPE,102.28559947013856,19.26666666666667
bureau_sum_AMT_CREDIT_SUM_OVERDUE,219.59562207063036,19.2
AMT_REQ_CREDIT_BUREAU_YEAR,118.0124936039249,19.2
prev_recent_CNT_PAYMENT,113.33368046643834,18.93333333333333
bureau_recent_AMT_LIMIT_RATIO,115.77554709712665,18.8
AMT_INCOME_TOTAL,122.34831063548722,18.6
cc_mean4_CNT_DRAWINGS_ATM_CURRENT,404.8481993556023,18.466666666666665
prev_NAME_TYPE_SUITE_mode,114.18039612670741,18.333333333333336
bureau_AMT_LIMIT_TOTAL_RATIO,118.90373235543571,18.333333333333332
CNT_FAM_MEMBERS,162.22622936119637,18.333333333333332
prev_max_DAYS_TOTAL2,189.39538694421452,18.266666666666666
pos_sum_SK_DPD_DEF_SCALE,143.90864543318747,18.0
prev_sum_CHANNEL_TYPE_Channel_of_corporate_sales,108.5926427046458,17.666666666666668
cc_var_CNT_DRAWINGS_ATM_CURRENT,254.13422359625497,17.6
bureau_sum_STATUS_TCNT_DPD_SUM,129.5963174323241,17.466666666666665
cc_mean4_AMT_DRAWING_BALANCE_RATIO,98.23343132684627,17.4
bureau_active_sum_AMT_ANNUITY,108.51398948828378,17.26666666666667
bureau_sum_STATUS_TCNT_DPD_MEAN,124.24959460894267,17.26666666666667
cc_scale_sum_CNT_DRAWINGS_ATM_CURRENT,335.6930232485135,17.133333333333333
prev_active_sum_AMT_CREDIT,103.8326871951421,16.8
inst_AMT_PAYMENT_TOTAL_RATIO,192.13061068256698,16.6
prev_recent_NAME_GOODS_CATEGORY,106.62733592192333,16.6
WALLSMATERIAL_MODE,96.43930185635884,16.533333333333335
cc_mean12_AMT_CREDIT_LIMIT_ACTUAL,156.09170850118002,16.533333333333335
bureau_recent_AMT_CREDIT_SUM_LIMIT,105.75389431715011,16.53333333333333
cc_var_AMT_DRAWING_BALANCE_RATIO,108.51586343385279,16.46666666666667
cc_max_AMT_RECEIVABLE_PRINCIPAL_DIFF,138.55156981286905,16.466666666666665
pos_count,287.8329260279735,16.466666666666665
cc_scale_mean_scale_sum_AMT_CREDIT_LIMIT_ACTUAL,119.15132654209931,16.333333333333336
FLAG_OWN_CAR,594.8911752263705,16.266666666666666
cc_mean_AMT_PAY_USE_RATIO,85.95127263168494,16.266666666666666
cc_mean12_AMT_DRAWING_BALANCE_RATIO,107.9094202061494,16.066666666666666
prev_refused_APP_CREDIT_PERC_MAX,103.56552913859487,16.0
bureau_active_sum_AMT_MAX_OVERDUE_RATIO,104.20159913996856,15.8
bureau_active_sum_AMT_LIMIT_RATIO,99.54569367070992,15.8
prev_sum_NAME_YIELD_GROUP_low_normal,76.56818776925405,15.733333333333334
cc_scale_sum_AMT_PAY_USE_RATIO,88.34678235848745,15.73333333333333
cc_var_AMT_RECEIVABLE_PRINCIPAL_DIFF,173.54510055283706,15.6
bureau_sum_AMT_ANNUITY,89.76481823325157,15.6
cc_scale_sum_CNT_ACCOUNT_W_MONTH,90.98173731764157,15.533333333333331
cc_CNT_INSTALMENT_MATURE_CUM,105.92808336764574,15.466666666666669
bureau_sum_STATUS_12CNT_X,101.96068640549979,15.466666666666669
prev_sum_NAME_PAYMENT_TYPE_XNA,84.26332560181618,15.466666666666665
bureau_active_sum_AMT_CREDIT_LEFT_OVER_ANNUITY,98.4831518098712,15.333333333333334
bureau_sum_AMT_CREDIT_SUM_LIMIT,102.19827970266341,15.26666666666667
prev_recent_DAYS_TOTAL,82.38679243326187,15.266666666666666
prev_NAME_SELLER_INDUSTRY_mode,99.70156025371205,15.2
pos_NAME_CONTRACT_STATUS_CNT_Completed,141.44626941556731,15.0
prev_recent_CNT_PAYMENT_DIFF,89.70476000507672,15.0
prev_active_sum_AMT_OWE,95.28858135491609,14.933333333333334
AMT_REQ_CREDIT_BUREAU_TOTAL,92.2501690968871,14.866666666666665
prev_recent_AMT_DOWN_PAYMENT,86.34545631607372,14.866666666666665
pos_mean_SK_DPD,87.94309719502925,14.666666666666666
cc_score,85.53203100760777,14.533333333333335
prev_sum_CHANNEL_TYPE_AP_Cash_loan_,83.41487265427908,14.533333333333335
bureau_active_sum_AMT_CREDIT_SUM_OVERDUE,194.9329339981079,14.466666666666665
cc_var_AMT_CREDIT_LIMIT_ACTUAL,76.72788793047269,14.333333333333334
cc_var_AMT_CREDIT_USE_RATIO,84.18387399117151,14.2
cc_mean12_AMT_DRAWINGS_ATM_CURRENT,167.6443573743105,14.133333333333331
bureau_active_sum_AMT_CREDIT_SUM_LIMIT,100.97140240371228,14.066666666666666
bureau_sum_AMT_LIMIT_RATIO,92.18810494343441,14.0
bureau_recent_CREDIT_ACTIVE,60.09473065535228,14.0
FLOORSMIN_MODE,82.04722489118576,13.8
cc_var_AMT_INST_MIN_REGULARITY,108.16217556794484,13.533333333333331
cc_var_AMT_BALANCE,104.01137791474662,13.466666666666669
cc_mean4_AMT_DRAWINGS_CURRENT,126.80747855901718,13.4
cc_scale_sum_AMT_CREDIT_USE_RATIO,76.90939915180206,13.333333333333332
cc_mean4_AMT_DRAWING_ATM_RATIO,166.29366983771325,13.266666666666666
cc_mean12_CNT_DRAWINGS_CURRENT,124.88916427691777,13.2
cc_mean4_AMT_RECEIVABLE_PRINCIPAL_DIFF,181.23111654122673,13.2
cc_max_AMT_DRAWINGS_ATM_CURRENT,93.00646274021517,13.133333333333335
prev_recent_DAYS_TOTAL2,78.27186980048816,13.066666666666666
bureau_active_avg_AMT_CREDIT_SUM_OVERDUE,65.49920593897501,13.0
prev_NAME_YIELD_GROUP_mode,76.01225566267968,12.933333333333334
cc_mean4_AMT_CREDIT_LIMIT_ACTUAL,137.17990441918374,12.933333333333332
cc_var_AMT_BALANCE_RECIVABLE_RATIO,69.41702168782552,12.866666666666665
cc_var_AMT_DRAWING_ATM_RATIO,77.97477952241897,12.8
cc_max_CNT_DRAWINGS_POS_CURRENT,68.71343686183293,12.666666666666668
prev_recent_DAYS_END_DIFF,72.61574840545654,12.6
prev_recent_CHANNEL_TYPE,66.84544688661893,12.4
cc_mean12_AMT_PAY_INST_DIFF,86.49924464200934,12.266666666666666
cc_var_AMT_TOTAL_RECEIVABLE,86.43751066327096,11.8
prev_CHANNEL_TYPE_mode,62.57944122155508,11.8
prev_closest_credit_defaulted,113.92843794027962,11.8
prev_sum_NAME_YIELD_GROUP_middle,72.0584352761507,11.6
prev_sum_NAME_CONTRACT_STATUS_Refused,91.09916038413841,11.533333333333335
prev_refused_SK_ID_PREV_COUNT,71.16162576973439,11.466666666666667
cc_max_AMT_BALANCE_RECIVABLE_RATIO,63.76049580375354,11.466666666666665
cc_scale_mean_scale_sum_AMT_DRAWINGS_ATM_CURRENT,109.90975207090378,11.4
cc_max_AMT_CREDIT_USE_RATIO,64.07796011169751,11.4
cc_mean_AMT_DRAWING_ATM_RATIO,73.72928838332493,11.333333333333334
cc_scale_mean_scale_sum_CNT_DRAWINGS_CURRENT,100.82028288841246,11.133333333333335
cc_scale_sum_AMT_DRAWINGS_ATM_CURRENT,90.8132569335401,11.066666666666666
cc_mean12_AMT_DRAWINGS_CURRENT,81.18926339894533,11.0
cc_mean_AMT_BALANCE_RECIVABLE_RATIO,66.03050597856442,10.933333333333334
prev_sum_NAME_PRODUCT_TYPE_XNA,55.61005985836188,10.933333333333334
cc_scale_sum_AMT_BALANCE_RECIVABLE_RATIO,65.46609061559042,10.933333333333334
cc_scale_mean_scale_sum_AMT_PAY_INST_DIFF,79.40957015752792,10.933333333333334
cc_mean36_AMT_PAY_INST_DIFF,73.3137976606687,10.866666666666665
pos_max_SK_DPD,65.70580708781878,10.733333333333334
bureau_sum_MONTH_LAST_DPD,58.69611910978953,10.733333333333333
cc_mean4_AMT_TOTAL_RECEIVABLE,100.43532738288243,10.733333333333333
cc_var_AMT_DRAWINGS_ATM_CURRENT,78.24780975580215,10.666666666666668
cc_var_CNT_DRAWINGS_POS_CURRENT,66.62603432436785,10.533333333333335
cc_mean_AMT_PAY_INST_DIFF,65.6416347856323,10.533333333333333
cc_mean36_CNT_DRAWINGS_ATM_CURRENT,204.57359904646873,10.533333333333333
cc_mean_AMT_CREDIT_USE_RATIO,60.994920110702516,10.533333333333333
prev_refused_RATE_DOWN_PAYMENT_MAX,93.23083901604016,10.533333333333333
cc_mean_CNT_DRAWINGS_ATM_CURRENT,163.3570758899053,10.4
cc_mean_AMT_PAYMENT_CURRENT,55.89680358171463,10.333333333333332
cc_Active,66.88745197455088,10.333333333333332
bureau_min_MONTH_LAST_DPD,73.89227454264959,10.266666666666666
prev_refused_RATE_DOWN_PAYMENT_MEAN,91.28707375526429,10.2
FLAG_DOCUMENT_8,67.37065597375235,10.133333333333333
cc_scale_mean_scale_sum_AMT_DRAWING_BALANCE_RATIO,59.81098926663399,10.133333333333333
prev_sum_NAME_CLIENT_TYPE_New,58.396045104662576,10.066666666666666
prev_sum_NAME_CLIENT_TYPE_Repeater,56.12887869675954,10.066666666666666
cc_scale_sum_AMT_PAY_INST_DIFF,74.52195943593979,10.066666666666666
prev_sum_CODE_REJECT_REASON_SCO,39.24520788192749,9.8
cc_var_AMT_PAYMENT_TOTAL_CURRENT,56.67598150571187,9.8
prev_refused_AMT_DOWN_PAYMENT_MEAN,60.221496725082396,9.8
pos_mean_SK_DPD_DEF,58.30796368519465,9.8
cc_var_AMT_DRAWINGS_POS_RATIO,54.7186537588636,9.666666666666668
prev_refused_AMT_DOWN_PAYMENT_MAX,67.47926692962646,9.6
cc_scale_sum_CNT_DRAWINGS_CURRENT,79.65967376232148,9.6
cc_var_AMT_PAY_INST_DIFF,56.3423525929451,9.533333333333333
prev_sum_CHANNEL_TYPE_Stone,55.909278869628906,9.533333333333333
prev_sum_NAME_CONTRACT_TYPE_Cash_loans,51.58996492723624,9.533333333333333
cc_scale_sum_AMT_DRAWINGS_POS_RATIO,58.381728686889005,9.533333333333333
cc_mean4_AMT_PAYMENT_TOTAL_CURRENT,58.15553818146388,9.333333333333334
prev_sum_CODE_REJECT_REASON_XAP,67.02900538345179,9.2
cc_mean_AMT_BALANCE_CREDIT_RATIO,66.68727918863297,9.2
cc_var_AMT_PAYMENT_CURRENT,52.97359688282013,9.133333333333333
cc_mean36_AMT_BALANCE_CREDIT_RATIO,110.65497301518917,9.133333333333333
cc_mean_AMT_DRAWING_BALANCE_RATIO,59.336445854107545,9.133333333333333
cc_mean36_AMT_BALANCE_RECIVABLE_RATIO,47.506068889300025,9.066666666666666
cc_max_AMT_PAY_INST_DIFF,55.86869459847609,9.066666666666666
cc_mean4_AMT_BALANCE,95.69617726405463,9.066666666666666
FLAG_PHONE,47.70277936458588,9.0
NAME_TYPE_SUITE,44.74840395450592,9.0
prev_sum_NAME_PRODUCT_TYPE_x_sell,52.04001748412848,8.8
cc_scale_mean_scale_sum_AMT_DRAWINGS_CURRENT,82.96368126670521,8.8
cc_mean36_AMT_CREDIT_LIMIT_ACTUAL,59.37980302174886,8.733333333333334
cc_scale_sum_AMT_DRAWINGS_CURRENT,55.53507134517033,8.733333333333334
cc_mean36_AMT_DRAWING_BALANCE_RATIO,57.523160045966506,8.733333333333333
cc_mean36_AMT_CREDIT_USE_RATIO,48.74079182346662,8.666666666666668
prev_sum_NAME_CLIENT_TYPE_Refreshed,48.80442598263423,8.6
CNT_CHILDREN,47.89237869183222,8.533333333333335
cc_scale_mean_scale_sum_AMT_PAY_USE_RATIO,56.552096772193906,8.533333333333333
cc_max_AMT_PAYMENT_TOTAL_CURRENT,49.46900366743406,8.533333333333333
prev_sum_NAME_PAYMENT_TYPE_Cash_through_the_bank,47.90421812410156,8.466666666666667
cc_mean36_AMT_PAY_USE_RATIO,48.28983666201433,8.466666666666665
cc_mean4_AMT_BALANCE_RECIVABLE_RATIO,51.345286688705286,8.4
prev_sum_NAME_CONTRACT_TYPE_Consumer_loans,43.11397788276275,8.333333333333334
prev_recent_DEFAULTED,69.21030723651249,8.333333333333332
cc_min_AMT_RECEIVABLE_PRINCIPAL_DIFF,33.18511848449707,8.2
cc_mean4_AMT_CREDIT_USE_RATIO,60.920581490794824,8.2
cc_mean_AMT_PAYMENT_TOTAL_CURRENT,50.64059217274189,8.133333333333335
inst_count,91.00881195689242,8.133333333333333
prev_sum_NAME_YIELD_GROUP_XNA,45.60074214786291,8.066666666666666
cc_max_AMT_PAYMENT_CURRENT,49.5267471353213,8.0
cc_max_CNT_DRAWINGS_ATM_CURRENT,91.47023644844691,7.866666666666667
prev_sum_NAME_CONTRACT_STATUS_Canceled,41.1794529914856,7.866666666666665
cc_mean36_AMT_DRAWING_ATM_RATIO,52.495795710881545,7.8
cc_scale_mean_scale_sum_AMT_BALANCE_CREDIT_RATIO,94.55848510464033,7.8
cc_mean_AMT_RECEIVABLE_PRINCIPAL_DIFF,47.019203444321946,7.666666666666666
cc_scale_mean_scale_sum_AMT_BALANCE_RECIVABLE_RATIO,42.27320445775986,7.6
prev_sum_DEFAULTED,75.98447868029277,7.6
cc_mean36_AMT_PAYMENT_CURRENT,46.025377202033994,7.6
LIVE_CITY_NOT_WORK_CITY,42.325206621487936,7.533333333333334
prev_sum_CODE_REJECT_REASON_HC,45.23909956216812,7.533333333333334
cc_scale_sum_AMT_DRAWING_BALANCE_RATIO,45.062593665719035,7.466666666666667
cc_mean_AMT_INST_MIN_REGULARITY,45.56865832805634,7.466666666666666
prev_count,38.24213086664677,7.4
cc_scale_mean_scale_sum_AMT_DRAWING_ATM_RATIO,57.63081855773926,7.333333333333334
cc_mean12_AMT_CREDIT_USE_RATIO,42.73777401149273,7.333333333333333
cc_scale_mean_scale_sum_AMT_RECEIVABLE_PRINCIPAL_DIFF,58.31806919078032,7.2666666666666675
prev_recent_CODE_REJECT_REASON,38.07622804244359,7.2666666666666675
bureau_AMT_SUM_OVERDUE_TOTAL_RATIO,42.13395243088404,7.266666666666666
cc_mean4_AMT_PAYMENT_CURRENT,41.42071952124437,7.266666666666666
cc_var_AMT_DRAWINGS_CURRENT,36.952178399761515,7.133333333333333
cc_scale_mean_scale_sum_AMT_CREDIT_USE_RATIO,46.89380431572596,7.066666666666667
cc_scale_sum_AMT_BALANCE_CREDIT_RATIO,50.84977838868896,7.0666666666666655
cc_mean12_AMT_DRAWING_ATM_RATIO,62.765867580970124,7.0
cc_mean12_AMT_PAY_USE_RATIO,41.35388422211012,6.866666666666665
cc_mean_CNT_DRAWINGS_CURRENT,47.017729210853574,6.8
prev_sum_CHANNEL_TYPE_Regional_Local,33.85442272822062,6.7333333333333325
FONDKAPREMONT_MODE,36.67144264380137,6.666666666666667
pos_max_SK_DPD_DEF,49.70807028611502,6.666666666666667
bureau_CREDIT_TYPE_mode,34.34651631116867,6.666666666666667
cc_mean_AMT_DRAWINGS_ATM_CURRENT,50.72972327073415,6.666666666666666
cc_scale_mean_scale_sum_AMT_PAYMENT_TOTAL_CURRENT,48.49380065997442,6.6
prev_sum_NAME_CONTRACT_STATUS_Approved,58.614381839831665,6.533333333333333
cc_scale_sum_AMT_PAYMENT_TOTAL_CURRENT,39.25765370329221,6.466666666666667
prev_sum_NAME_TYPE_SUITE_Family,37.36180656924844,6.466666666666667
cc_max_AMT_TOTAL_RECEIVABLE,49.29514688849449,6.466666666666667
bureau_max_MONTH_LAST_DPD,47.57681639989217,6.4
cc_scale_sum_AMT_DRAWING_ATM_RATIO,43.19022185405096,6.4
cc_scale_mean_scale_sum_CNT_DRAWINGS_POS_CURRENT,38.64214860598246,6.333333333333334
cc_mean12_AMT_PAYMENT_TOTAL_CURRENT,35.76593450109164,6.333333333333334
cc_mean_AMT_DRAWINGS_POS_RATIO,40.767507231235506,6.333333333333333
cc_mean36_AMT_RECEIVABLE_PRINCIPAL_DIFF,39.834741830825806,6.266666666666667
prev_sum_NAME_PORTFOLIO_XNA,30.912846161921816,6.133333333333334
cc_mean12_AMT_BALANCE_CREDIT_RATIO,75.05722215572993,6.066666666666666
cc_max_AMT_DRAWINGS_CURRENT,35.973344395558044,6.0
cc_mean36_AMT_PAYMENT_TOTAL_CURRENT,31.738837223251664,5.933333333333334
cc_mean4_AMT_DRAWINGS_POS_RATIO,34.920113583405815,5.866666666666667
prev_sum_NAME_PORTFOLIO_Cash,33.525808923443165,5.866666666666667
cc_mean36_CNT_DRAWINGS_CURRENT,38.50131259759267,5.866666666666666
prev_sum_NAME_PRODUCT_TYPE_walk_in,46.7153603275617,5.8
prev_sum_NFLAG_INSURED_ON_APPROVAL,33.7173533876737,5.733333333333333
prev_sum_NAME_PORTFOLIO_POS,27.128445530931156,5.666666666666667
prev_approved_SK_ID_PREV_COUNT,45.3678481588761,5.666666666666666
cc_max_AMT_INST_MIN_REGULARITY,39.107734612623844,5.6
cc_scale_sum_AMT_RECEIVABLE_PRINCIPAL_DIFF,37.17001350323359,5.533333333333333
cc_max_AMT_CREDIT_LIMIT_ACTUAL,30.471865489085513,5.533333333333333
cc_max_AMT_BALANCE,43.89306342601776,5.533333333333333
cc_max_SK_DPD,16.528655321896075,5.466666666666667
bureau_CREDIT_ACTIVE_mode,52.8622321565946,5.4
cc_scale_sum_CNT_DRAWINGS_POS_CURRENT,32.45375742912292,5.4
cc_mean36_AMT_DRAWINGS_ATM_CURRENT,43.574628102779386,5.333333333333334
cc_mean12_AMT_BALANCE_RECIVABLE_RATIO,31.81641935507456,5.333333333333334
cc_mean4_CNT_DRAWINGS_POS_CURRENT,29.174644827842712,5.333333333333333
cc_mean_AMT_BALANCE,31.084271669387817,5.133333333333334
cc_scale_sum_AMT_PAYMENT_CURRENT,31.88349151611328,5.133333333333333
prev_recent_NAME_CONTRACT_STATUS,37.24856650829315,5.133333333333333
cc_scale_mean_scale_sum_SK_DPD_DEF,24.476852186520894,5.000000000000001
prev_sum_NAME_CONTRACT_TYPE_Revolving_loans,28.408810396989185,5.0
cc_mean_AMT_TOTAL_RECEIVABLE,33.187395008405055,5.0
prev_sum_CODE_REJECT_REASON_LIMIT,31.266058047612507,4.866666666666667
REG_CITY_NOT_WORK_CITY,30.621044198671974,4.866666666666667
cc_scale_mean_scale_sum_AMT_PAYMENT_CURRENT,27.339910467465717,4.733333333333333
cc_mean12_AMT_PAYMENT_CURRENT,30.251396902402245,4.733333333333333
prev_recent_NFLAG_INSURED_ON_APPROVAL,25.948290546735127,4.666666666666667
cc_scale_mean_scale_sum_AMT_TOTAL_RECEIVABLE,32.22708946466446,4.666666666666667
cc_mean_CNT_DRAWINGS_POS_CURRENT,24.328629950682323,4.666666666666666
pos_NAME_CONTRACT_STATUS_CNT_Signed,27.22623476584753,4.533333333333333
AMT_REQ_CREDIT_BUREAU_MON,25.834261989593507,4.4
cc_var_SK_DPD,19.921472597122193,4.4
cc_mean36_AMT_DRAWINGS_POS_RATIO,23.00425194253524,4.4
prev_NAME_CONTRACT_STATUS_mode,24.80614542563756,4.333333333333334
prev_NAME_CASH_LOAN_PURPOSE_mode,18.633243544896445,4.333333333333334
prev_sum_NAME_TYPE_SUITE_Spouse_partner,21.351691031455992,4.2666666666666675
prev_CODE_REJECT_REASON_mode,28.728943337996803,4.266666666666667
cc_mean12_AMT_DRAWINGS_POS_RATIO,30.352475154399873,4.266666666666667
cc_mean12_AMT_TOTAL_RECEIVABLE,32.3801666110754,4.266666666666667
cc_max_AMT_DRAWINGS_POS_RATIO,28.98653537432353,4.2
cc_mean_AMT_DRAWINGS_CURRENT,23.954092826445898,4.2
bureau_sum_STATUS_12CNT_DPD_MEAN,31.111888726552326,4.2
prev_recent_NAME_CASH_LOAN_PURPOSE,19.224224376678468,4.2
cc_scale_mean_scale_sum_AMT_DRAWINGS_POS_RATIO,21.51015337705612,4.133333333333334
prev_sum_NAME_CONTRACT_STATUS_Unused_offer,28.640613985061645,4.066666666666666
cc_mean12_AMT_RECEIVABLE_PRINCIPAL_DIFF,26.575084288915,4.066666666666666
cc_mean36_AMT_BALANCE,22.354120938355727,3.9333333333333336
cc_mean36_AMT_DRAWINGS_CURRENT,21.24634861946106,3.9333333333333336
cc_mean36_AMT_INST_MIN_REGULARITY,20.285041240851086,3.866666666666667
cc_Signed,14.94000205198924,3.866666666666667
bureau_sum_CREDIT_ACTIVE_Sold,17.40361527601878,3.8666666666666663
cc_mean_SK_DPD,19.320834016799928,3.8666666666666663
cc_scale_sum_SK_DPD,19.634291541576385,3.733333333333333
cc_mean36_CNT_DRAWINGS_POS_CURRENT,19.774843374888103,3.6666666666666665
cc_max_AMT_DRAWING_ATM_RATIO,23.742226254940032,3.5333333333333328
cc_mean12_CNT_DRAWINGS_POS_CURRENT,20.811423920591672,3.5333333333333328
cc_scale_mean_scale_sum_AMT_BALANCE,21.601636023322744,3.4666666666666672
prev_NAME_PORTFOLIO_mode,27.966979257265724,3.4666666666666663
cc_mean36_AMT_TOTAL_RECEIVABLE,20.04202854335308,3.4
cc_scale_sum_AMT_INST_MIN_REGULARITY,18.17035927673181,3.4
prev_active_sum_AMT_DOWN_PAYMENT,17.637089896202088,3.4
cc_min_AMT_TOTAL_RECEIVABLE,20.90759394963582,3.4
REG_REGION_NOT_LIVE_REGION,7.149752028783162,3.2666666666666666
cc_scale_sum_AMT_DRAWINGS_OTHER_RATIO,7.681948494911192,3.2666666666666666
cc_var_AMT_DRAWINGS_OTHER_RATIO,10.78201273679733,2.9333333333333336
prev_NAME_PAYMENT_TYPE_mode,17.405176091194154,2.8666666666666667
cc_mean12_AMT_BALANCE,16.790671773751576,2.8
cc_mean4_AMT_INST_MIN_REGULARITY,19.45726579427719,2.8
cc_scale_sum_SK_DPD_DEF,12.037592657407124,2.7333333333333334
cc_mean12_AMT_INST_MIN_REGULARITY,16.05123740037282,2.7333333333333334
cc_scale_sum_AMT_TOTAL_RECEIVABLE,14.678632704416913,2.666666666666667
prev_recent_NAME_PAYMENT_TYPE,18.771228766441347,2.6
prev_recent_NAME_PRODUCT_TYPE,16.590079975128173,2.6
NAME_CONTRACT_TYPE,69.5595486799876,2.6
pos_NAME_CONTRACT_STATUS_CNT_Returned_to_the_store,13.137231993675233,2.6
prev_recent_NAME_PORTFOLIO,12.765067252516747,2.5333333333333337
REG_REGION_NOT_WORK_REGION,11.458212693532309,2.533333333333333
cc_scale_mean_scale_sum_CNT_DRAWINGS_OTHER_CURRENT,8.940411547819775,2.533333333333333
cc_scale_sum_AMT_BALANCE,14.53891529242198,2.533333333333333
FLAG_EMAIL,13.49706859588623,2.4666666666666663
prev_recent_DAYS_FIRST_DRAWING,12.359876728057861,2.4000000000000004
cc_scale_mean_scale_sum_SK_DPD,15.359361950556439,2.4
pos_recent_NAME_CONTRACT_STATUS,23.431013766924544,2.4
cc_scale_mean_scale_sum_AMT_INST_MIN_REGULARITY,10.687366093446812,2.333333333333333
prev_NAME_CLIENT_TYPE_mode,17.050265978773435,2.333333333333333
cc_mean_SK_DPD_DEF,12.540170200665793,2.2666666666666666
prev_recent_NAME_CLIENT_TYPE,17.25520394643148,2.2
FLAG_OWN_REALTY,14.884888124465942,2.2
prev_sum_NAME_PORTFOLIO_Cards,9.710745259126028,2.066666666666667
cc_var_SK_DPD_DEF,9.075630827248096,2.0666666666666664
prev_recent_NAME_CONTRACT_TYPE,10.342906592289607,2.0
cc_MONTH_LAST_DPD,8.467546741167705,1.5333333333333332
pos_recent_SK_DPD,6.8222520748774205,1.4666666666666668
cc_MONTHS_BALANCE,8.318300708134968,1.4
prev_NAME_CONTRACT_TYPE_mode,7.718974669774374,1.4
cc_mean4_AMT_DRAWINGS_OTHER_RATIO,2.5510360081990564,1.3333333333333333
AMT_REQ_CREDIT_BUREAU_WEEK,9.09041002591451,1.3333333333333333
prev_NAME_PRODUCT_TYPE_mode,7.064947287241617,1.2666666666666666
prev_sum_NAME_TYPE_SUITE_Other_B,9.380010690291723,1.2666666666666666
cc_scale_mean_scale_sum_AMT_DRAWINGS_OTHER_RATIO,4.712422672907511,1.2
FLAG_DOCUMENT_11,2.852704683939616,1.1333333333333333
cc_mean36_SK_DPD_DEF,3.785603348414104,1.1333333333333333
bureau_sum_STATUS_12CNT_DPD_SUM,6.243215354283651,1.0666666666666667
LIVE_REGION_NOT_WORK_REGION,4.414413992563883,0.8666666666666666
FLAG_DOCUMENT_18,4.579765343666077,0.8666666666666666
prev_sum_NAME_TYPE_SUITE_Children,4.6472740173339835,0.8666666666666666
cc_mean12_SK_DPD,2.955043148994446,0.8
pos_recent_SK_DPD_DEF,4.035378678639729,0.8
bureau_active_sum_CNT_CREDIT_PROLONG,4.199246017138163,0.7333333333333334
bureau_active_avg_CNT_CREDIT_PROLONG,3.7148113568623855,0.7333333333333333
cc_mean36_SK_DPD,4.5981739560763035,0.7333333333333333
prev_sum_CODE_REJECT_REASON_SCOFR,4.82733736038208,0.7333333333333332
cc_mean4_SK_DPD,2.60329270362854,0.6666666666666667
HOUSETYPE_MODE,1.6909086624781289,0.6666666666666667
FLAG_DOCUMENT_6,3.407170263926188,0.6
cc_scale_sum_CNT_DRAWINGS_OTHER_CURRENT,3.004414677619934,0.6
prev_active_count,2.7770533561706543,0.6
cc_mean12_SK_DPD_DEF,2.733665307362874,0.6
bureau_sum_AMT_SUM_OVERDUE_RATIO,3.1056133270263673,0.6
cc_SK_DPD,2.0284603794415794,0.5333333333333333
prev_recent_RATE_INTEREST_PRIMARY,0.9932826677958172,0.4666666666666667
cc_Completed,4.181712659200032,0.4666666666666666
inst_max_AMT_PAYMENT_PERC,7.2044792493184415,0.4666666666666666
bureau_active_AMT_SUM_OVERDUE_TOTAL_RATIO,3.4779081185658773,0.4666666666666666
cc_max_AMT_PAY_USE_RATIO,2.1873080094655353,0.4666666666666666
bureau_active_avg_AMT_SUM_OVERDUE_RATIO,0.8856148719787598,0.4
prev_avg_RATE_INTEREST_PRIMARY,0.49051599502563475,0.33333333333333337
cc_max_AMT_DRAWINGS_OTHER_RATIO,2.080566008885701,0.3333333333333333
bureau_sum_CREDIT_DAY_OVERDUE,1.1047746578852338,0.3333333333333333
FLAG_EMP_PHONE,2.125751336415609,0.26666666666666666
bureau_active_avg_CREDIT_DAY_OVERDUE,0.7304050667832295,0.26666666666666666
cc_mean36_AMT_DRAWINGS_OTHER_RATIO,1.4675339857737222,0.26666666666666666
EMERGENCYSTATE_MODE,1.4248666922251385,0.26666666666666666
cc_NAME_CONTRACT_STATUS,1.4797059853871664,0.26666666666666666
bureau_active_sum_AMT_SUM_OVERDUE_RATIO,2.518030615647634,0.26666666666666666
cc_mean_AMT_DRAWINGS_OTHER_RATIO,1.3530786514282227,0.26666666666666666
bureau_avg_CREDIT_DAY_OVERDUE,0.5477386633555094,0.2
bureau_sum_CNT_CREDIT_PROLONG,0.8471793095270794,0.2
bureau_active_sum_DAYS_ENDDATE_FACT,0.9775053342183432,0.2
cc_mean_CNT_DRAWINGS_OTHER_CURRENT,0.9174753586451214,0.2
cc_var_CNT_DRAWINGS_OTHER_CURRENT,1.037605341275533,0.2
prev_sum_NAME_TYPE_SUITE_Other_A,1.1297319730122886,0.19999999999999998
bureau_active_sum_CREDIT_DAY_OVERDUE,0.21234967410564423,0.13333333333333333
prev_avg_RATE_INTEREST_PRIVILEGED,0.44586931864420576,0.06666666666666667
prev_recent_RATE_INTEREST_PRIVILEGED,0.2026979923248291,0.06666666666666667
cc_MONTH_LAST_DPD7,0.22693400382995604,0.06666666666666667
pos_NAME_CONTRACT_STATUS_CNT_Approved,0.0,0.0
cc_mean4_CNT_ACCOUNT_W_MONTH,0.0,0.0
FLAG_DOCUMENT_5,0.0,0.0
cc_mean12_CNT_ACCOUNT_W_MONTH,0.0,0.0
FLAG_DOCUMENT_7,0.0,0.0
prev_sum_NAME_CONTRACT_TYPE_XNA,0.0,0.0
cc_mean12_CNT_DRAWINGS_OTHER_CURRENT,0.0,0.0
prev_sum_NAME_PAYMENT_TYPE_Cashless_from_the_account_of_the_employer,0.0,0.0
prev_sum_NAME_PAYMENT_TYPE_Non_cash_from_your_account,0.0,0.0
cc_mean36_CNT_ACCOUNT_W_MONTH,0.0,0.0
cc_mean36_CNT_DRAWINGS_OTHER_CURRENT,0.0,0.0
prev_sum_NAME_PORTFOLIO_Cars,0.0,0.0
pos_NAME_CONTRACT_STATUS_CNT_XNA,0.0,0.0
cc_mean4_CNT_DRAWINGS_OTHER_CURRENT,0.0,0.0
pos_NAME_CONTRACT_STATUS_CNT_Amortized_debt,0.0,0.0
FLAG_DOCUMENT_9,0.0,0.0
cc_mean4_SK_DPD_DEF,0.0,0.0
FLAG_DOCUMENT_4,0.0,0.0
FLAG_CONT_MOBILE,0.0,0.0
bureau_active_avg_DAYS_ENDDATE_FACT,0.0,0.0
prev_sum_NAME_TYPE_SUITE_Group_of_people,0.0,0.0
pos_NAME_CONTRACT_STATUS_CNT_Demand,0.0,0.0
cc_scale_mean_scale_sum_CNT_ACCOUNT_W_MONTH,0.0,0.0
pos_NAME_CONTRACT_STATUS_CNT_Canceled,0.0,0.0
cc_var_CNT_ACCOUNT_W_MONTH,0.0,0.0
bureau_CREDIT_CURRENCY_mode,0.0,0.0
cc_mean_CNT_ACCOUNT_W_MONTH,0.0,0.0
cc_Demand,0.0,0.0
bureau_recent_AMT_CREDIT_SUM_OVERDUE,0.0,0.0
bureau_sum_CREDIT_CURRENCY_currency_2,0.0,0.0
cc_Approved,0.0,0.0
cc_Refused,0.0,0.0
FLAG_DOCUMENT_13,0.0,0.0
prev_sum_CHANNEL_TYPE_Car_dealer,0.0,0.0
FLAG_DOCUMENT_14,0.0,0.0
FLAG_DOCUMENT_15,0.0,0.0
FLAG_DOCUMENT_16,0.0,0.0
FLAG_DOCUMENT_17,0.0,0.0
bureau_used_other_currency,0.0,0.0
cc_SK_DPD_DEF,0.0,0.0
cc_Sent_proposal,0.0,0.0
bureau_sum_CREDIT_CURRENCY_currency_4,0.0,0.0
bureau_sum_CREDIT_CURRENCY_currency_3,0.0,0.0
bureau_sum_CREDIT_ACTIVE_Bad_debt,0.0,0.0
FLAG_DOCUMENT_20,0.0,0.0
cc_max_CNT_ACCOUNT_W_MONTH,0.0,0.0
prev_sum_CODE_REJECT_REASON_SYSTEM,0.0,0.0
prev_sum_CODE_REJECT_REASON_VERIF,0.0,0.0
cc_max_CNT_DRAWINGS_OTHER_CURRENT,0.0,0.0
prev_sum_CODE_REJECT_REASON_XNA,0.0,0.0
cc_max_SK_DPD_DEF,0.0,0.0
cc_mean12_AMT_DRAWINGS_OTHER_RATIO,0.0,0.0
FLAG_DOCUMENT_19,0.0,0.0
bureau_recent_CREDIT_DAY_OVERDUE,0.0,0.0
bureau_recent_CREDIT_CURRENCY,0.0,0.0
bureau_recent_CNT_CREDIT_PROLONG,0.0,0.0
bureau_recent_AMT_SUM_OVERDUE_RATIO,0.0,0.0
prev_sum_NAME_CLIENT_TYPE_XNA,0.0,0.0
FLAG_DOCUMENT_21,0.0,0.0
